Sender Address,Transaction Hash,Status,Nonce
"0xFfe5e6737117F96a3c7d150F8bb319F89cC15391","0xf69350acb24c84a70d575ab568df30822881927968a4d4479c64675a14c99078","success","181"
"0x002aF85c8865DE4604dF07a1105EfEF2b8e0dE05","0x52cd73acf99248d76d00fa00d21dee61c1d7a893af322b68ced29e3f6a883629","success","223"
"0x671793eB4f8cAaa69EfB4eb8240F05573EB99326","0x1ae3eb5a7e2c2ac31d73049a810698f18f9d2478055320702dea56b7deea43bb","success","179"
"0x3c1502B686A58753Bffe498A01AaD74dBF5F91Ec","0xce5e336f7ee374bd5e8ea8f7908f0f211430551bb7a8138a35548cbc6e2b6255","success","166"
"0xEd608Fd190676FB0C188E8Cfd0a6c108AbEDc9dE","0x9713cb4263a1fe1c9e71fc244f59507e3dae9b61be04ec1974e4a8d50b864e55","success","175"
"0x6c3e47B6597331ceb57628F36036B2a5D6A7FD42","0xbe7fa51f14bb759ee4d482992bf25f7c543fbdff9b5a8bb3205633a6b2b6fd20","success","101"
"0x370799929C870897F853AA3901D4E4ACD394f667","0xee8147435d303e86132688b4c1352c69a6e33f53c428218e9bc58bdb847f39cc","success","106"
"0xD020eE6ba4C79E986f91f32F83DEB3cD33f69Fa0","0x76f4544355140cf4d5357747e7dc2b28ba5727a2aa8fcb9e4216753e0b0eb518","success","108"
"0x35c40621bb0EC8AE392cF7068ac89FFA70ef1FD9","0x3f6533e43c4541f2af799d933f4e7b08f5e0550b054a6baf3577af9558b1edf8","success","99"
"0x48c737B2365eAd0ad2EA88C2477d57b76Bd5ee60","0x33d1dbc4ff550febd1b8cbcecc02ffbbfb33c258c22e1ddd9ac0e93a6c3dfbfd","success","97"
"0x02244B9F5712A3D8B6E842B807dB661a74304B8e","0x9f1838eddc0f360bbe0c6b6d31779e6856957aba2321285d69aa86146ddb5e3d","success","97"
"0x11E5eDbA6e061158CCc8ebf914d24D0Ef4BFec31","0x7f7da4b2646353e1265775d20d928f3cf0eeefd83e50becd44a16e6c731f168c","success","81"
"0xb7F47FD5D4c2AA1d537647275dbaB008D3fB72eC","0xcfdd7d6b75c0294118d7ac28955265a5b5c646482933847cfbb9f1f7a2bd77b3","success","65"
"0x45Fd64BdA25C226b2F2F11F417Fa9893669A74fF","0xc3777c5abd72a47608590fdda5ae624f89576f18f05e946307ac17110d86aeab","success","90"
"0xEfAc643c52866Edc2b5e89AeE2Bf4b68F28768b2","0x26b75efb5b5cea5acc6543b1a5371f7399ae0030b7dc6fade211972186f264d1","success","78"
"0x9ef54d1cd4c869FB9382Eb5192D772814775B317","0x7faf3ae3a188dbd1f6551a0439694735d4bf43c2fc48b7beb4a66186bf19e06e","success","51"
"0xbdbce406D322De8dE7d6B9241dd6Be26EE8748a7","0xffe6820376dffd3194e33ac630f07884e5187dd0a4617287da50646567176d26","success","46"
"0x9B29b4bc40Ad63446A6D4a89d0b0C435DE2d5ABe","0xf45c190a390e717f2a5e49cd923daa96870b48dc39e21a6b1e7363ef845e32ad","success","34"
"0xe4Bc065366432d760c4a646693494B97F23d4978","0xa2a3f70da4b48c2a17e359b17604fd6c9a30a5f94b41686549b35feb2945c062","success","35"
"0x49a66137fee69036cAa59af380B875a83716f543","0x5f2561e4e7ae805fa7a3261e70b89144e23ac88f8a1bf101e4be2f70133ae7f8","success","35"
"0xAaB7e53fAa7C9D82C086eC27B5D74eeD225DA1D1","0x6e21ba79649cd13d12c48e3ea3f6a24fd742daff9356aebf12bfe2d9d01302ce","success","34"
"0xbC734C4617Af694f7b18828F2758F50F4dEf459E","0x6b9f698a95a68543127276490430b31d0f34a5ce5fffcdf86628e0cc23e06486","success","17"
"0xFf63dAE8fe1525cb4f6FD8EdF1e88fbaB9D0F74C","0xb7fe587f44b1bbb19954716517705c6a82960f4dd2661b3c0b2e4c4ccbb8557b","success","18"
"0x0D532B590CD969258C000b90eC00085A0559ed47","0x8c4dc446d04391c2509e1c618520e67c422f901aeb4565d9c63709d6fdb3feb2","success","18"
"0xC86d3161205445972363d3E7706504A58Fa5c0ED","0x7b0b1addeb8f4efd7da1c28a94be0ffe9415dc715038832eef0af59ef5ffc19a","success","18"
"0x5e6d7E6975f752D9CaC78b1Db09102f605caAc2e","0x25ef7ca09f19c3fbf46f2a92a686f080a099bda7c3a27a8413009197ba5f69eb","success","18"
"0x73cC88A6Dcdb2D65190052C0B420A57fD42BDE19","0x6de31ded90c56cf173a32e04132594cace16afe619d51676d2eb9fd432f7a899","success","17"
"0x4a7D6Ee0B2eBF3cAdAAE08404F528a80ACEEbfFC","0x10fedbb7687eb838bc94ecb1ba0228c8641dbb4b752780dc9c0aaddd95e52641","success","18"
"0x6727621E3bd0A9A18544c29B881C61ba4dD306FF","0x7e26c700cf6637e97d84b2ea2756b4d6c071be58a290f40d18cfab676bf7d0fd","success","17"
"0x220EA2908bb31fC179e2140c9dF7ec5AbB0Fb072","0xf7c7d8999785c44a4cc95ae682675fb12232db5395d827253f9c4c790d4cc042","success","18"
"0x2276725C13A02eC78E33a2aB18884fF1fc9FE2Ff","0x2e73f74da5d28d3ff402732673c88c7b05257c847e3859486ba8ff737edb0a86","success","17"
"0x21b3E25434109C92521966177BAC7eF6806dc7dE","0x9800d18420e5c7d30dcd5caebc0b77591bbb695f510b13b93c634f5b8e28a0da","success","18"
"0x23A6EB1C08E02e2741Ad25B1634199beC19B6e40","0x46781761b4044607af7916bc8db9989729ff08a48b8cbb3b08217ece710143fb","success","18"
"0x76C397102073a2E1aceA51488341F7257A7032d0","0x3f70b324a1e6e0a579e3baff8e51456cfa9e7b935e36034fc50da6fd19bfaea0","success","17"
"0xC64FB877eF6c28Fe4FBa576a7f088b56496e6600","0x6b0f8b403b67a78c2d92a6d6c524a7bd130027d262d33399c9418c557c458e71","success","17"
"0x4d1BcF43136C8a835b38eaA17e44183c721664Ec","0xed65027bf5a7069c15f1ee30fc38352fc05a9eb5d100129d51bee2f27bc594f0","success","19"
"0xa6160f738A2FB5c3C0bF5556627Dbc7dbB95bB13","0x4bc6b93d80a9bf4c5cda7ea439a66727eb9d504a81a7c96ef33d8aec9881b5aa","success","18"
"0x578eB525DfB0433baB4552987C3C8847A8f01256","0xe08fd18bbe10ea9ef0ded0e086065a155ba49a245034b40a1f35817565ce43cc","success","18"
"0xC7737b8c1aa3421BC828e112e606ff63a89F39F9","0x5deb5f1106fc5b43868320eb71e0363053450ac1e53e1005913e58738c1ec9b8","success","18"
"0xce17493ceEB28A98bC849a371d301879BcF40b5b","0xef0e86f5ec829efc5794a2b3cdd6f94e55bbb01e683bdfbf0343f4ecfcac5d68","success","19"
"0xf709b3fF8763df0ba73a868380e28Bc83F7796F1","0xbc869b6bfe7bfda8193800974991ba64d6eb182b831b543b9f8afff3a1f8e178","success","18"
"0x247F7A2D646e5052eC700feD963b0da5cC8cEb8d","0x2956e937607ed642bda24027c7d0d483d8d421656b47136b9828bb1aef3b7ec0","success","18"
"0x478Fa125d9371a861bd4AF0B84d873761c59dAbD","0x873f7bf465c9b1796be24470ec0774a7ec2323b6eff61b56a7e5d6bdeba80b2b","success","19"
"0x3f0cEfDaC772A9687FA1146f58BD3DFd9262e4B4","0x026578dadc90312ad8ba667f6c0525306bfb7bd4b57aea946ed177022bfc8a4e","success","20"
"0x0F7fEeed6279eC7c99Ae302C0da86BFe9dAA7585","0x9b8481820c6883e36ab4cf6cdaae10c009cfb8401e6bbf9470821828f9b0fc99","success","19"
"0x1093DbA2ed6F59adfefdafa1983A9418895d837a","0xb66cb817b19e4e2b788895617f8f731bae24af68cb2d90ea7168be154d464e6b","success","16"
"0xb673Ac6273Ea1264bf7bd44a3c9284726536775a","0xdb01d8d7cb93198367f4aa198e8d3c945e41dac51760f1363d77fa6502bc25dc","success","16"
"0xD80ea58e588dB0Db8acc3aE63153A7bB040d6BB4","0x4f726f8ce1c9bc7610a73049bba5081822d5abf0ad18a859a12672b634d188a6","success","16"
"0x75A50C246c492a628F66d24aBbBddD060978fB33","0x10c15500a0db312e98570e82820629afe211380f2650a7d4f064b2630652c7d6","success","18"
"0x24BFf85BA7F514237592ef00aA64bBc635Ba57A5","0x226f85dc631baa1204bb10786c0b0f4a5a3e74ec423d89e430c6c3abb1a889a3","success","16"
"0x35B534ea8A9D843Fe5f2F8C5A5F33FBbC2d5c1B5","0xdf3f614e78c455070e233d47dd87986d01e0a35dcb27b9625b813b53ced25c87","success","18"
"0x00FB305728689714fdD3Ac1C1a14c8811FC7156A","0x56c010c5130864e243a46a5e3c20b86074f924c66f7e5852cad63fa310a4dc08","success","17"
"0x96E30dE96A1589C67ee3b580128e5781B3164840","0x3125e81c172eab7558cb1dd102a47bedee0141a23793c7d9ed743ffc2d8957ca","success","17"
"0xf44eCE394Ba62A325166444AC8F2A971A29F355d","0xcb48dca04e33c72eb3ffec0ab9790848f041dbd30c10a23cdebb1933c4c109c9","success","18"
"0xFa517bCcA054B0fD3CC632F4Dd6e94EceC35CFAb","0x8b3f6a75aab9552c7973dae7764783c395680025b62dc08e65ee79a9be84ac00","success","17"
"0x6770ECF9e4e302513a35411a7f5Cd4256483e416","0xa86968254041098fa21a481161b3521fda36b3e8e318357b54b8be6026d6b33f","success","16"
"0x1026c0872bFa85e9216039C80042fA82d915B502","0xf977c59d05e85b1789d1c8cf14bf119b1f4076c85fa0f52fab6fcafe3fde3a47","success","17"
"0xb1aD8D7875462D6D68aAFa9dcC8f2B0bD4040FF1","0xf1f7c87fcd8eaa5f1b225d63dfd87a0155b8efecd1047340cd1f500ea68ed3df","success","12"
"0xab415F0922CFa58CB6c943Ac53d0fB1Bf1ef4FFE","0x6ef757dedbcd048a7d34b9d52b552074b4b52c57082cad614299c31b15bd4a6b","success","16"
"0xF66Ebd3bcA3D838d5dA7643Ca12EF5ce0744c772","0x9623c96c652e9ad7bbacbbd23aa46d14597c9f9504ed417a9af8afdeb3496067","success","13"
"0x1cEF0f2a742c34Cb417d4461be2b95C2464E420E","0xdbb0f390bdd4a6f3302f936cb222bbd8a04544244386be9f3c9e6c6dc0781590","success","13"
"0xe030A88694c7251418F936D38168C27F6814845f","0xac1521d4d8f2bde10651f6a252f13e8d3ebdb673f5b28cd628da4fde5d292924","success","11"
"0x3484cf8047E963EdFFF3eD8076d75e3C2d409A15","0x76c0fcde529111ecbc98ced092bda0c97f88a9c7c5caefadcee6fb89e7276c4e","success","17"
"0x8E543fA599D8Eb4d0FFCA74741332824c541e584","0x96be9dca4e0498d4d56e066c0d4f9eb6f4e55cf420a4336ef6b751a2cd5a255b","success","16"
"0x26bAf2d337Df4fd3986571c9a01BB6b8CA7a7463","0xeec784989c593f5f26b5dc6c8d65a9cc22c21290fa901bd077b9f2d5ca97a592","success","15"
"0xA5520cCea6CFfb01122F09Acf218d6F7e810a9ED","0xaa1a2444ff79e641b8435526c6a5a3794e8c0e9d45ad9cb4606a40c08f7d11a8","success","15"
"0x87a663f7a18b55442c214150B821CC4d927c21E2","0x66db61b1038b35285933ae03952a345f92740aea85dffbe1f768ae2d879607f3","success","13"
"0x9571BD8Ff3bbEf788bFE2c990eb21c07aCe67C08","0x28886914efefa2dea0fcabfa7dd4deb649cbdfdbc6fc9e671b50a5cfa88a0816","success","14"
"0x4fA00af486DB51fd22B023123d6cd6C4105b41d9","0x009f9af97f7bc7a4d52e32f0e9c197d9cf3f7c5fcd04b37eda52b591adee1c8c","success","17"
"0x157859325763D6D806aE952A5A6dCC9D40e67aCC","0x8a8ff360cb1df1393938b99bc9e7b0a412c0f1ce21e4b475f82d5127bd70362f","success","15"
"0xaa32EE9a0a68B208494BC935F0bD5553663Ce272","0x386d0fea43bc93726c5edb0b59fd841e10d1ac3d0a79646c681458b62543e0af","success","15"
"0x0f0E3d9bb59720A84138BeB5DF337b17dE7c7A32","0x4304033d8ca557a122e550ed41140a68d1ae21029de5f58cac216e6cc684bcf4","success","14"
"0xeb4D8B8d16B6C4d0928687945654B03880E353E6","0x24049b6fc70807e2e3992ce2e5d3d49a5123d6842dfbe81154a873342b9d2bee","success","15"
"0x9438B19ff0dD666986ea2f38c1c6B9D1A91247B1","0x4016cadb57c8cf244e8956c5900e7950d42791d99527c1ecd1196b06f1d3ca89","success","15"
"0x4879e09a40AA46E2b4553f68939D5c2b8C37F3E3","0xfcbe96abd16da9686e799ff0b32331f9d7224e642267bc0599af633e961fd939","success","15"
"0x5b9AD3BaF97b729f5796Fe54A471BE2fCe7d9af6","0x4924b8a1aaf8e21fc99c275ffb8e2afe0d78865d110baa656887988868c246ed","success","13"
"0x830E5433225617955a2B12DC0D6D3bFA1D2b18fA","0x42801f57b1201b8d4939658bf515bd16b870ae204deb68bcc0ba351ca58bee75","success","13"
"0x8f7517fA4F8E5504FAbDb749b1dDe2C39c8ED849","0x4ff98fbe74406c32286ef740df56e85c93afc393e2fb6fab6fb7afcaa06e8fef","success","14"
"0x813bF2Ab65E55c85F1917E7e8baaab0731B0140C","0x90f74502a51f730a41a476321f9e98b5b71ee63edf914b90299fdf0db8bd5cc9","success","14"
"0x8088051E3A45d3A117C1Fd37d7837A980383a8B0","0xe868e9b9e16aba69800fb8e696e04b216ab6c113cea08a702f0ede247ca34cb0","success","15"
"0xEc687D0C4Db82218c53Fe4385b0E791151bEe5bE","0x9c9106dc38d111c5c3e2c7f744be0147a63d59764c3ed2c337515e4328a679e0","success","13"
"0x05ccb443EbC9305f6222a1A08d8CaEd50159dC7e","0x84e237fbb59ab3baf92238d5d55c3cf106961a607937393caea7737ac738e65e","success","13"
"0x11514D19F6B70007Dd70f13C92dEEc4B20f197e0","0x2e2e1e88b2f5c5a93122205fccdf135bcdbb71c138143290f2677aa46411103f","success","11"
"0xCAAB106fbF88605E187CC6564a417F385eB386a6","0xa8c63a9d5301c9885bc46a3bb8ec4c645ca80d0818652f7455c7f9f80d7ed121","success","11"
"0x7468F7Bc9b26c5096d7FD83A52e65A4B1eB9126a","0x09169cc2dabd3e96e0897911281420bbdbbc93bae9f58cac1de52e980a736184","success","12"
"0x6A56222785126D2Fc02c96ea40B8af2cdC5b6492","0x4ec93a4d3291e269fb33865b72e61da4a9875e1d3ff1486a623edb6b2b416463","success","10"
"0x21525Ba1735AEA5D367AAfA3d04F9DaC9F51fBc9","0x3438e153517f7723961ca2f2bde9f129985d5bc6eea4404be367ffbb9e642884","success","10"
"0xE5569DfC61ba4A58c85160B40D1080bB1E6d7A0F","0xd10efcb25f16d209e4630241c99ac97bb26779f663d88f540c37d8442fe40a95","success","10"
"0x7A132841d2c4D17Bd8a42E310Da053E89Abb0CBd","0x2a9249448a933b59e8940f3de74001a0b93ebaa01ecd84168d9e2e6fc220d67b","success","9"
"0x5032a8A14C1bcD056703D5C94287bA24fF823476","0x7d8faaabf2e0a8cf0b3d692bccd6d7f0ddc341c8af57075f01f7c9f5ab310954","success","10"
"0xB48Ee685d0979830cf22C8726E59996AE9cd8011","0xeb4bd4cc2cdc4ca35fa8b24c660c93e84d838d9e12c0135f51a32fa58ca04e3c","success","9"
"0x51204984AE2b6275D09985c2a01aE57657A5a558","0x01e09c29d3c52d2a51cfa1229be3f60141e58e9e316828ebfec062cfdbdfe164","success","8"
"0x45243F5259ea2144C5f2DB4388298E6eAeC723Ae","0x92502fa4ccc362b8c5af6898b4bb1a5bd2fd5515e5e07446df666132e79cb3ca","success","8"
"0xB2Db9977999253e9454f516A84dc5457F5a2046c","0x9228f680c1da969af02952dee7bb2126f09fdca1fcc2b50e122b01326348bcb5","success","8"
"0xb5ABA18ECE6cE803493CAD01ef79F32Acbd68615","0xa2d0be3bd1d942249e5967b44a33719deeec6877a70b3f2113b3606086979da8","success","8"
"0x8f5380EdE7B2f0AE476EF6733bCb4EC766405139","0x36a5fc19cb9580cf44ef2e711ecc5a0241957b7906b44eb6fd1df8352dee06b1","success","6"
"0x774a13DF604a3F6B8C7933C14CfcF1D3714ED875","0xf570a8bfa4bf1a076e23ed572c05590d346fb72fbe9f4f01c7127f3ae852e882","success","6"
"0xF167C0d0845334D3e8C308A83012198AEA169d53","0x4d8ca26f2d53132c6ddfc5b3198175d504a98c2903b47d13c97ee853e229e3e5","success","6"
"0x09Bd45da2353767790D1E8e2683177B1d10B2bE9","0xad5fa737fd1404cdf30185d2b3d8e25833e6163940c3a90f884be0ab4f123a9a","success","6"
"0xC1Fb92585d37D74300F70075013d381cE3E9c110","0xe31875f0199a1ec2fe6a19360bef553addb5d8ca4dee0f396b8409612df28b06","success","6"
"0x3D1a6074d8915aeF6eEA3dD708e2CeCA5C3C5c1b","0x5bfbaade7e2a935f155e14f53e8d2e96acef61efa6cc6020b8a8d6b20aa5e81d","success","6"
"0x795093eC967F1a7c9f6038b9823b2788a475B896","0xfb081c8b46d2021445dced403baf534f0305b0ea6fd04793064bd4441104e125","success","6"
"0x0d2D81b0cC0424Ce605cA62336A8483BDeec368F","0xa627ce5a9541e1ea7c35b4689d5f0901f35f02c031283f5b81f233e280f9a5b8","success","6"
"0xa6B44eEfEC9F99a833E5F70458eb62f6307eB77D","0x4b84dfea627723bf4240e1b34d11189a05fd25600ddc33a7489cf075edcbb055","success","6"
"0xE59AaB7ED04051e42b9e68e290bFdB13252bE1DB","0x1bd4e6f6d605f9280b674d31eaae379af97ecb8b43e33e7afda8dd60167ababf","success","6"
"0xC3A8EE54D7Faba55d66D096Fe1ba0fFd5139947a","0x10924030678f09c0c56d1bb07d02095dee3b3b333e8b0f7ffb0a1025a920da51","success","6"
"0x684464FF9cEDccdE42D1fd861eCeea432549a403","0xde80a0e1efa60ad498a84303d3f64555525a2f1315d590f0d2c45cf0d87636f0","success","6"
"0x637abdf85424FCcb5Fc01407062500ee32A968C2","0x77ddf41874d493c86254cdd15dbfade23175a2575b4a5813bef1d24931b52dbf","success","6"
"0xB1fe6567CFDF1389Fe4983614E691bF404dBDc24","0xab24cc260db60a1074cbb0782e363b4471258b2abda9f30659233ea833d055b4","success","6"
"0xC6ba7bED17a8072Ab0F0Ea0Ad6277727B10Bcb1c","0xba0772a5253416564dec5fcd9ef760e36ed8a8be8c0a297d70622f704309b75c","success","6"
"0x0aeD054a4Cc494330cA5D028Cd9a561A17C5cA8d","0x9dcfc34df2b130f0a5c20aed431343855cc545c760d833d608b6287070101395","success","6"
"0x1d93f54fd08737583602cD07766a67860Beb32f4","0x83c23348dc749b5947b0b6d6eed9b698c1c7c305ecbddabb683d930fb7513811","success","6"
"0x77966CC13f6385267d9B794CB32a8c316E8FF78F","0x5e5bbd3ae05a11cd4a1fa0dfb05cd34ee56412fd4f8871f47184efc645be1110","success","6"
"0xAEB3D677bb742E49842015E9600927777972c8BA","0x0ceb236d9fef5dd476a55fbe3b38e4a145f715ec5d69955e183059fd265ca793","success","6"
"0xB63721BDbE2d46C01de5014965198f0f49123bA7","0xfc72392273bac2f317fc0bdd7149f89cf113e03f81e401acf131f5de29428c39","success","6"
"0x59AEd147402c67d06f850beC68782e023D2aBa73","0x729c19deec7cd1481e0584a50e417be0dff7eadeaf346e691be1fcffe98bc1cd","success","6"
"0x62f2D2b46A6E967Cf99D6943cdA020d012d5716D","0x7650919aee5bb231376c63f5cdef180b9b02378ff2ac30227f9634d25b060bb0","success","6"
"0x08d1A5160876e76B019c82A9CF1D1dD4a881CB81","0x61e4b7c18c38c68bf2e764c7a9ff8758774854dfebcecb74ec2f48c0e2f20585","success","6"
"0x2f619b6090080d062b5CA158fe6E9354b38c19BA","0x15c6aba5358a1363bc0e5c423eeb6c6ae95541b27d0682165417c1738caa0cbd","success","6"
"0x9AfD92d5cd8de723e4194712730e24A50a9bB51b","0xbd8f6b3c5985b0cef5f96f3a663c31260c1678f5ab5006d03e40e8748177cfe0","success","6"
"0x732404EB0D94e6eb1F5aec5D6E6fbD1E306d8f3C","0x8c58e4806bb47bbd7b664b8682ed5c5062a4beb6b7d221d1d16aa4c8164c917d","success","6"
"0xcBc5378547FF5bC40c6CBA473E7817636Aa5702F","0x7203acd3154a9dab949c77753fbf7a7588f15d6424435173bf5b3748ed9260fa","success","6"
"0x7716B5D303754fEdEd9753937520D65f098df57e","0xb91431e75b613c45bd9a1f30c94a1209234915e7dc65e8bfc18a88b1da99e3c9","success","6"
"0x927Ce8E15D98Cf53694F93A78aF5DDd6B6f39534","0x17daae6916b38410aa42fe711e2d190a1a1e4396da6c5925db676939fa351af9","success","6"
"0x8eee64a8db101c28aFA92cE8f6f2300F35815278","0xf4ad3424b56217101f6d1977333d252440d45e24b3622e3f53e0ef94f1ac6544","success","6"
"0xd4B38C583e586c2406DA9D75481f87D0796101C1","0x74cfc6a561570c36b8ff74df6d9e09b06bdc2262d96111abdb27d183a7a6b3f4","success","6"
"0xb58716Cf19b24171d5129986eaD33E532B670A04","0x2c64e86935f7e9ac677f4eb97cc9dc39954226f3a5ba485bce907628a01eefc4","success","6"
"0xd52a87Dd784609df08E77D11582d2af01584Ef5A","0x69915a010820ff9dc0933a582a315c7f3f85274f8cbe5135bb2b9269f2b7ce03","success","6"
"0xEecf4b2a72342BDAAE262DE18c06e0CcBdBcf4BA","0xc548fb1a4a5ddcf3fd08c68422b0e9ba7856ead807fb3cb631fc76bc73bfea4a","success","6"
"0x60aA086EA7b96D96C56246771Bfb1eDEC2C21549","0xd90e47c25410e1e7ceaea698e7f5f80802a602d693ef08d33cbf141a7a01028f","success","6"
"0xe110f15cbD001eA100baf36A27E22432929aA03E","0x48ceb539722e236935c761400a87682047ea8747fe1947bc610a27b1e43bb958","success","6"
"0x9aA718746230C8cB6EFa8649546E9eBAc543460f","0x83d83a85d38a8bde5c528c5a719e9afb5bea032cd0209b8cdfd8fe8c03b8e198","success","6"
"0xd673b39436eE8809BAce8E7506BDA6d0FE070d45","0x7830159142165e83264dd0523841f4be21053090194112f0deadc95f45bc506f","success","6"
"0xF1607e1353C134D17A3c91ab7a7aeA24D6d64FcC","0x45a2d04144acd3c7605bf99a4ac172d39fcda4f9842645072f6b8058c580042d","success","6"
"0xB46C508dd05C8e47f398e3caAF15d2433E86f0D4","0x98dc4f59f7f5838a734f98b85fc73ad9d1ff52bc7954d0c9052300dfe1b98d46","success","6"
"0x2dCa53d612159771af144951b63f07f45ecfBC1a","0xc744ced7a61b04c4246c1202fd0f2cc56ae4528c0ac6daff691818e3e9fed682","success","6"
"0x20bC2a70361cD61cB495f83B051E4cEAa57E5e45","0x8b2ac7d6b3aabcba06176c0bdc8e59f178c85851cf827fad139ef2732f48ee54","success","6"
"0x6F6F3B6D582705091E7155D645B72352544701b6","0x09faebbc286f9bb86c36ae9c13266e5fc3fb3b36b3e98c9f2d0eeee18304ac33","success","6"
"0x8ac2df4E93fFBBD6E201eDc5a752A2f03d232bf6","0x72483b6692494167b786e15721ee2872d1dea0f3d2bea193903d345b0919089a","success","6"
"0x49CcFDaD06Dc961cE0891CCEF29bae20f1896aa5","0x3834713f7ff4431936e39ecacfb19b0bd6a78d687f8fe7860ccde8a6b5489680","success","6"
"0xf790e89781eB1f6fC8F075A6869ADae0F3e9C569","0x79ab1a2e14e02276ae94fb6e97e7169f20990fdc407b85bab12c1131f2d28338","success","6"
"0x65DF7b15130Eba4d900e95822E18C433E98c868B","0xdcdb721173d1d2ec11bf0e9f0594230a2107ce1ad0badf60d5c50524e860af35","success","6"
"0x302a4fEE7ce1c0303e852CF771FfaAa0e8e2BEC8","0xfffcf0a442812c968d0283a8f91de10df5462c9d5e152623b4de576dfe7a0375","success","6"
"0xe2d7627D096F7c43aB472a1fC58A6149eF89cE66","0x1a22510cfa549922a2c3f53a6dc1396f3f5c09488a043b69a7a740b9961b31dc","success","6"
"0xA84cDfd9D4ce2756bCc50d813de37a518F722a57","0x7b3d8d39dababa2148571ee6d9e7101d8aab2981629648fd2ae663a74f632183","success","6"
